Id,Name,Surname,Number1,Number2,Number3,Address,Email,Website,Description
a28c5f8b-62c4-4154-8e5a-f41b5e9d3bab,aa,a,a,a,a,a,a,aa,aaaaaaaaaaaaaaaaaaaaaaaa
813ccd94-b6da-468d-97a4-052639c3edfa,aa,a,a,a,a,a,a,aa,aaaaaaaaaaaaaaaaaaaaaaaa
3779f1ca-edd7-4fb1-9346-7effb0d76db7,aa,a,a,a,a,a,a,aa,aaaaaaaaaaaaaaaaaaaaaaaa
d5a2e3e9-e97e-430f-937f-e9c152fc639b,aa,a,a,a,a,a,a,aa,aaaaaaaaaaaaaaaaaaaaaaaa
eceeeab7-dd69-4401-a1b3-c8b97510bb4b,bbbbbbbbbbbbbbbbbbbb,a,a,a,a,a,a,aa,aaaaaaaaaaaaaaaaaaaaaaaa
0ada1bf2-71ce-4077-aea3-95ab5d68eb3f,aa,a,a,a,a,a,a,aa,aaaaaaaaaaaaaaaaaaaaaaaa
60c2c120-4071-4cf8-9f36-bab95c1bc8cf,aa,a,a,a,a,a,a,aa,aaaaaaaaaaaaaaaaaaaaaaaa
7fd609f6-6de8-411d-9319-a86ab0c67d2b,aa,a,a,a,a,a,a,aa,aaaaaaaaaaaaaaaaaaaaaaaa
e2760bae-772c-4a4c-abeb-6c93b804dbc9,aa,a,a,a,a,a,a,aa,aaaaaaaaaaaaaaaaaaaaaaaa
ade614f6-235a-4614-986d-0eec6141dcec,aa,a,a,a,a,a,a,aa,aaaaaaaaaaaaaaaaaaaaaaaa
0fdf7af4-a392-43a3-92ea-9a5c67d3546f,aa,a,a,a,a,a,a,aa,aaaaaaaaaaaaaaaaaaaaaaaa
30ee5976-a12f-43e1-bb5a-f8dd2f0581f8,aa,a,a,a,a,a,a,aa,aaaaaaaaaaaaaaaaaaaaaaaa
09731788-865f-42b1-a944-0ff108389d21,aa,a,a,a,a,a,a,aa,aaaaaaaaaaaaaaaaaaaaaaaa
6db40c94-8005-455c-927a-2f4ad9a4033e,aa,a,a,a,a,a,a,aa,aaaaaaaaaaaaaaaaaaaaaaaa
b08e76d1-b1e5-446d-94e8-31702c098e0f,aa,a,a,a,a,a,a,aa,aaaaaaaaaaaaaaaaaaaaaaaa
a4e7ecfe-613b-4ddf-9a53-680d3895addd,aa,a,a,a,a,a,a,aa,aaaaaaaaaaaaaaaaaaaaaaaa
